word,char
YOUR,Q
THEY,G
WILL,N
WERE,E
THEM,S
THAN,U
GOOD,C
MAKE,J
THEN,R
WELL,R
SAID,H
EVEN,H
NEED,J
MADE,O
LIFE,C
LOOK,A
FIND,J
HELP,D
EACH,G
EVER,D
NAME,E
WEEK,J
TOLD,L
TELL,O
SEEN,E
CALL,B
HEAD,L
TOOK,I
SIDE,H
LESS,G
AREA,M
FACE,C
KIND,G
ABLE,A
HALF,N
HAND,B
MIND,N
FOOD,B
ROOM,E
GIRL,B
NICE,C
YORK,S
IDEA,A
DEAL,H
SOON,E
FIRE,G
KIDS,E
MEET,B
SONG,B
GETS,I
SELF,G
HELD,A
ROAD,L
FINE,H
HEAR,V
DATE,L
GOES,B
MISS,D
EYES,F
JUNE,J
DEAD,P
HOLD,F
KING,A
BANK,Q
SENT,T
FALL,E
PAGE,U
SEND,D
HELL,C
LORD,F
KILL,B
HAIR,N
RACE,A
SEEM,F
SIGN,E
WALK,A
ONES,W
SAFE,O
HUGE,S
PASS,O
RISK,M
BALL,A
CARD,I
WALL,V
ROCK,K
TEXT,R
FAIR,J
FEET,D
TOUR,J
SELL,N
SOLD,L
FEAR,L
LADY,W
PLUS,I
NONE,J
BAND,X
LACK,C
WEAR,A
RICH,X
TRIP,X
MALE,E
SPOT,D
HALL,G
MASS,L
NINE,D
HEAT,T
FELL,A
RIDE,C
TREE,B
WHOM,M
RUNS,H
WIND,D
LAKE,E
FUND,E
HILL,E
JACK,S
PULL,P
DUDE,P
RING,R
SOUL,G
CAMP,W
TILL,C
WOOD,S
DEAR,B
WAKE,J
FILE,C
ROLL,C
WINE,E
KICK,V
MAIL,I
BOAT,J
PATH,F
DICK,A
WINS,S
TECH,D
FEED,B
LEGS,S
POOL,D
GUNS,G
HOLE,E
ASIA,J
FAKE,K
TASK,K
JAIL,L
WAVE,E
SEEK,H
SOLO,E
WING,G
HANG,N
INFO,F
BOND,D
MILE,U
KISS,B
PLOT,C
CHAT,D
ITEM,W
MESS,H
LAID,L
TOOL,D
MATE,C
MATT,L
RICE,A
ROOF,L
CALM,W
HIDE,M
SING,E
PEAK,A
TALL,S
FORD,A
GANG,C
LIFT,J
ERIC,G
TONE,N
RAPE,J
GATE,X
GEAR,Q
BARS,Q
GRAY,E
JEFF,E
MOOD,I
SAND,T
TAPE,T
SOIL,C
UGLY,K
ROOT,D
DEAN,F
HIRE,K
ARAB,P
ROSS,C
MILL,D
PACE,I
POPE,J
PHIL,F
SEED,O
WARD,T
COAT,Y
FATE,T
JEAN,N
CANT,V
POLL,A
TIES,Q
WOLF,D
FAME,M
TEEN,F
BANG,B
CURE,I
JAZZ,I
SEAN,A
CLAY,K
MALL,L
BASS,A
TUNE,Y
WEED,S
MENU,L
LION,F
PIPE,D
CARL,C
COCK,D
EMMA,D
POLE,O
UTAH,H
DUCK,Q
FIFA,C
HOOD,D
HUNG,E
POET,D
BETA,G
PUNK,M
CLUE,C
EARL,F
GRID,J
PISS,G
NEIL,L
TIER,R
PILE,G
PLUG,L
CAGE,P
PETE,L
MILD,L
LUNG,A
PINE,Z
SANG,I
CAFE,M
JETS,U
RIOT,J
TODD,E
PALE,T
TOLL,D
TORN,J
REED,N
SCAN,D
DOLL,D
HULL,B
HACK,M
LGBT,V
SODA,A
THEE,L
JUNK,D
MARC,B
PILL,G
HECK,K
TIRE,E
BAIL,F
BUCK,C
HUGH,P
SAIL,X
CHAN,J
JERK,Y
KARL,O
BARN,V
DEAF,N
DOCK,I
FEAT,J
LUIS,I
PIGS,S
REID,F
OLDS,Z
CLAN,V
JOEL,R
EYED,U
SARA,A
TOES,S
UNTO,O
AMID,A
PLEA,T
WANG,K
ANAL,B
DULL,F
FARE,R
IDOL,D
TRIO,Y
WIFI,U
ACRE,A
CHAD,T
DIAL,X
JOEY,E
LEND,B
LEON,V
BAKE,Q
GLOW,C
TOSS,E
WOOL,J
YANG,L
PENN,K
FOND,S
HEIR,F
BLAH,P
HAUL,D
NCAA,K
NIKE,K
YALE,J
SAGA,L
FADE,D
LIME,S
MAID,A
OILS,A
ROWS,M
BARK,Y
COMP,B
KIRK,K
LANG,V
NINA,H
YELL,T
BALD,C
LEGO,O
OBEY,A
RAND,A
REEF,L
THRU,N
ZOOM,M
BATS,U
LABS,E
TAGS,G
WHOA,A
ASAP,C
JILL,A
SHAH,K
SOFA,X
CANS,W
LYON,F
PEEL,D
TICK,C
USSR,C
JUNG,H
PITT,G
PROM,U
HERB,K
LICK,K
POLO,E
WEBB,R
DICE,G
HUGO,I
PING,N
PRIX,H
BIND,A
LENT,J
MESH,S
RICA,C
COIL,C
MANN,L
OOPS,K
HULK,C
JEEP,P
MAYO,T
TILE,J
VIII,M
CALF,A
TORE,R
CARR,B
HUGS,E
IDLE,L
PEEK,E
AIDE,A
BALI,O
BANS,I
GRIM,A
THOR,J
WATT,V
CHIC,E
MARX,I
PULP,L
REEL,F
BART,P
DUNN,E
LURE,I
SANE,A
SPUN,B
WONG,D
BULB,O
DIRE,C
JESS,E
NERD,B
PINT,J
TARA,B
THEO,D
DANG,F
KATY,H
KRIS,C
VETO,F
COCA,N
KERR,F
NILE,L
RIFT,G
BUDS,B
ELLA,D
LUNA,G
METH,T
VALE,B
YURI,B
BALE,S
CHAP,H
HMMM,G
TABS,B
BLOC,C
NESS,I
BUFF,A
CLAW,M
HEAP,X
RODS,N
ROTH,P
SPEC,E
BABA,B
DIAZ,J
DUCT,H
SHRI,V
WOAH,A
ERIE,E
MILO,E
TAPS,P
KANG,E
KITE,H
LORE,E
PLUM,O
WARE,A
CAIN,M
CLAP,T
MING,B
VASE,O
ZEUS,S
LITE,L
MALI,I
TIDY,T
AURA,C
COMB,P
IEEE,D
WEIR,I
CASS,B
CHOI,A
LING,F
LOFT,J
LOIS,A
NICO,A
DOCS,A
HIVE,J
WINK,K
BRAG,E
LIGA,U
NUNS,B
SLAB,N
CRIB,D
PUNT,D
SOOO,D
THUG,D
CHAR,F
GAIL,H
NGOS,K
PASO,S
BARR,A
DVDS,C
ICED,K
JEEZ,Z
PECK,C
TRAM,Z
BRAT,P
DALY,W
GONG,M
HEED,D
LOLA,N
PONG,B
USDA,H
BEAD,F
DAFT,D
OECD,E
XIII,O
DYED,P
MEAD,B
TREY,J
DIVA,N
YONG,E
AXES,A
MALT,T
RINK,Q
FENG,B
LORI,A
RIFF,F
ARIA,A
MILF,B
OOOH,G
BRAS,Q
FIFE,D
GIFS,C
JANG,R
KALE,X
KATZ,M
MIDI,I
TING,V
WEEP,G
DODD,K
DUFF,H
MUMS,B
DYER,B
MOOR,J
SIKH,T
CAMS,T
FANG,J
ISIL,G
MANU,H
PUNE,S
SAMI,Z
TOAD,T
VIVA,H
ALBA,E
CARB,R
MACE,B
MITT,D
WELD,F
EXEC,U
KIDD,B
MEEK,B
OHHH,G
PUPS,B
TEES,A
BARB,I
BRAY,K
GABE,A
OLGA,U
PALO,L
RAJA,H
SLUG,U
SMUG,B
BOAR,L
BRAN,V
GALL,F
LUIZ,B
LYLE,T
MAGA,F
SIRI,E
WELP,X
WRIT,Z
XIAO,A
ZARA,H
CHAI,O
DYES,A
EDNA,F
HDMI,Q
KART,I
MEIN,D
MEOW,P
POOH,H
TOFU,N
CENA,A
DUNE,A
FIDE,J
RIPS,M
ROBB,C
SCOT,L
SKID,R
YING,H
MIRA,Y
REMY,Y
TOTE,J
BANE,W
BALM,K
BONA,P
RAMA,E
SAMA,F
YELP,O
YOON,K
BYRD,H
GOGH,G
ISSA,H
LAKH,H
MUGS,N
NIGH,J
RITZ,N
ROLF,F
SENS,S
TORO,F
WAVY,Y
BAIN,D
DUNG,J
HERR,C
LACY,K
LAIR,V
MARI,F
MOOT,I
POLK,I
SEGA,B
TESS,O
TONG,J
CLAM,W
MELO,J
RIMS,G
SINN,J
BOCA,I
FEND,D
KIRA,U
LICE,E
